effect_full,Estimate,Std. Error,z value,Pr(>|z|)
(Intercept),0.1850264943115067,0.11980883290499211,1.5443476897753599,0.12250412521680834
conditionostensive,0.046292992548382504,0.06536741844942945,0.7081967384744803,0.47882309129324374
condition_orderost_first,-0.13148862772679204,0.06720779928651324,-1.9564489407880106,0.05041229168939987
trial_num_z,-0.023746066503584306,0.03269207973801618,-0.7263553341934086,0.4676209655067036
sexMale,0.07234759119859774,0.14922961695509965,0.4848071895833235,0.6278131223011034
desexedYes,-0.03310864775958034,0.1371117418710443,-0.2414720089452261,0.8091893083171134
age_z,0.07597676890770319,0.04936354822672969,1.5391269800691272,0.12377329955020078
trainability_score_z,-0.0026530617845004706,0.045862883827147274,-0.05784768778386464,0.95386995239187
sexMale:desexedYes,-0.04070495526163885,0.186766177687147,-0.21794607442159003,0.8274711277175306
