effect,bf
(Intercept),NA
Condition,0.06647968466500871
Condition order,0.23936715948419868
Trial number,0.033079357924229
Sex:desexed,0.15605740261133982
Age,0.07299926695184782
Trainability score,0.036510756455741644
