effect,bf
(Intercept),NA
Condition,0.06460706527915562
Condition order,0.2290227637359295
Trial number,0.0323793869112743
Sex:desexed,0.15117166192931966
Age,0.0685002243940718
Trainability score,0.035815849465335024
