effect,bf
(Intercept),NA
Condition,3.682546995237584
Condition order,0.35664212013095664
Trial number,0.47764176195819835
Sex,0.4007103521110871
Age,0.1616897803222431
Training score,0.4197440215711651
