effect,bf
(Intercept),NA
Condition,0.035784456025477904
Condition order,0.04731516134522079
Trial number,0.030656472892382425
Sex:desexed,0.08711723680685605
Age,0.02149308601462975
Trainability score,0.08787635690762592
