effect,bf
(Intercept),NA
Condition,3.7777255733364092
Condition order,0.37118555033981954
Trial number,0.4863205846860735
Sex,0.4077421856912729
Age,0.17370142702733704
Training score,0.44784176220202204
