effect_drop,npar,AIC,LRT,Pr(Chi)
<none>,NA,1352.1147071802673,NA,NA
condition,1,1355.2204883403842,5.105781160116976,0.02384623880935167
condition_order,1,1350.2999557618234,0.1852485815561522,0.6669009595318306
trial_num_z,1,1352.4352570588428,2.320549878575548,0.1276748856844062
sex,1,1350.486270819553,0.37156363928579594,0.542153182060499
age_z,1,1350.1483067617921,0.03359958152486797,0.8545611544129539
training_score_z,1,1352.0728032443767,1.9580960641094407,0.16171708742118174
